1,	"Panchagarh-1"	
2,	"Panchagarh-2"	
3,	"Thakurgaon-1"	
4,	"Thakurgaon-2"	
5,	"Thakurgaon-3"	
6,	"Dinajpur-1"	
7,	"Dinajpur-2"	
8,	"Dinajpur-3"	
9,	"Dinajpur-4"	
10,	"Dinajpur-5"	
11,	"Dinajpur-6"	
12,	"Nilphamari-1"	
13,	"Nilphamari-2"	
14,	"Nilphamari-3"	
15,	"Nilphamari-4"	
16,	"Lalmonirhat-1"	
17,	"Lalmonirhat-2"	
18,	"Lalmonirhat-3"	
19,	"Rangpur-1"	
20,	"Rangpur-2"	
21,	"Rangpur-3"	
22,	"Rangpur-4"	
23,	"Rangpur-5"	
24,	"Rangpur-6"	
25,	"Kurigram-1"	
26,	"Kurigram-2"	
27,	"Kurigram-3"	
28,	"Kurigram-4"	
29,	"Gaibandha-1"	
30,	"Gaibandha-2"	
31,	"Gaibandha-3"	
32,	"Gaibandha-4"	
33,	"Gaibandha-5"	
34,	"Joypurhat-1"	
35,	"Joypurhat-2"	
36,	"Bogra-1"	
37,	"Bogra-2"	
38,	"Bogra-3"	
39,	"Bogra-4"	
40,	"Bogra-5"	
41,	"Bogra-6"	
42,	"Bogra-7"	
43,	"Chapai Nawabganj-1"	"Nawabganj-1"
44,	"Chapai Nawabganj-2"	"Nawabganj-2"
45,	"Chapai Nawabganj-3"	"Nawabganj-3"
46,	"Naogaon-1"	
47,	"Naogaon-2"	
48,	"Naogaon-3"	
49,	"Naogaon-4"	
50,	"Naogaon-5"	
51,	"Naogaon-6"	
52,	"Rajshahi-1"	
53,	"Rajshahi-2"	
54,	"Rajshahi-3"	
55,	"Rajshahi-4"	
56,	"Rajshahi-5"	
57,	"Rajshahi-6"	
58,	"Natore-1"	
59,	"Natore-2"	
60,	"Natore-3"	
61,	"Natore-4"	
62,	"Sirajganj-1"	
63,	"Sirajganj-2"	
64,	"Sirajganj-3"	
65,	"Sirajganj-4"	
66,	"Sirajganj-5"	
67,	"Sirajganj-6"	
68,	"Pabna-1"	
69,	"Pabna-2"	
70,	"Pabna-3"	
71,	"Pabna-4"	
72,	"Pabna-5"	
73,	"Meherpur-1"	
74,	"Meherpur-2"	
75,	"Kushtia-1"	
76,	"Kushtia-2"	
77,	"Kushtia-3"	
78,	"Kushtia-4"	
79,	"Chuadanga-1"	
80,	"Chuadanga-2"	
81,	"Jhenaidah-1"	
82,	"Jhenaidah-2"	
83,	"Jhenaidah-3"	
84,	"Jhenaidah-4"	
85,	"Jessore-1"	
86,	"Jessore-2"	
87,	"Jessore-3"	
88,	"Jessore-4"	
89,	"Jessore-5"	
90,	"Jessore-6"	
91,	"Magura-1"	
92,	"Magura-2"	
93,	"Narail-1"	
94,	"Narail-2"	
95,	"Bagerhat-1"	
96,	"Bagerhat-2"	
97,	"Bagerhat-3"	
98,	"Bagerhat-4"	
99,	"Khulna-1"	
100,	"Khulna-2"	
101,	"Khulna-3"	
102,	"Khulna-4"	
103,	"Khulna-5"	
104,	"Khulna-6"	
105,	"Satkhira-1"	
106,	"Satkhira-2"	
107,	"Satkhira-3"	
108,	"Satkhira-4"	
109,	"Barguna-1"	
110,	"Barguna-2"	
111,	"Patuakhali-1"	
112,	"Patuakhali-2"	
113,	"Patuakhali-3"	
114,	"Patuakhali-4"	
115,	"Bhola-1"	
116,	"Bhola-2"	
117,	"Bhola-3"	
118,	"Bhola-4"	
119,	"Barisal-1"	
120,	"Barisal-2"	
121,	"Barisal-3"	
122,"Barisal-4"	
123,	"Barisal-5"	
124,	"Barisal-6"	
125,	"Jhalokati-1"	
126,	"Jhalokati-2"	
127,	"Pirojpur-1"	
128,	"Pirojpur-2"	
129,	"Pirojpur-3"	
130,	"Tangail-1"	
131,	"Tangail-2"	
132,	"Tangail-3"	
133,	"Tangail-4"	
134,	"Tangail-5"	
135,	"Tangail-6"	
136,	"Tangail-7"	
137,	"Tangail-8"	
138,	"Jamalpur-1"	
139,	"Jamalpur-2"	
140,	"Jamalpur-3"	
141,	"Jamalpur-4"	
142,	"Jamalpur-5"	
143,	"Sherpur-1"	
144,	"Sherpur-2"	
145,	"Sherpur-3"	
146,	"Mymensingh-1"	
147,	"Mymensingh-2"	
148,	"Mymensingh-3"	
149,	"Mymensingh-4"	
150,	"Mymensingh-5"	
151,	"Mymensingh-6"	
152,	"Mymensingh-7"	
153,	"Mymensingh-8"	
154,	"Mymensingh-9"	
155,	"Mymensingh-10"	
156,	"Mymensingh-11"	
157,	"Netrokona-1"	
158,	"Netrokona-2"	
159,	"Netrokona-3"	
160,	"Netrokona-4"	
161,	"Netrokona-5"	
162,	"Kishoreganj-1"	
163,	"Kishoreganj-2"	
164,	"Kishoreganj-3"	
165,	"Kishoreganj-4"	
166,	"Kishoreganj-5"	
167,	"Kishoreganj-6"	
168,	"Manikganj-1"	
169,	"Manikganj-2"	
170,	"Manikganj-3"	
171,	"Munshiganj-1"	
172,	"Munshiganj-2"	
173,	"Munshiganj-3"	
174,	"Dhaka-1"	
175,	"Dhaka-2"	
176,	"Dhaka-3"	
177,	"Dhaka-4"	
178,	"Dhaka-5"	
179,	"Dhaka-6"	
180,	"Dhaka-7"	
181,	"Dhaka-8"	
182,	"Dhaka-9"	
183,	"Dhaka-10"	
184,	"Dhaka-11"	
185,	"Dhaka-12"	
186,	"Dhaka-13"	
187,	"Dhaka-14"	
188,	"Dhaka-15"	
189,	"Dhaka-16"	
190,	"Dhaka-17"	
191,	"Dhaka-18"	
192,	"Dhaka-19"	
193,	"Dhaka-20"	
194,	"Gazipur-1"	
195,	"Gazipur-2"	
196,	"Gazipur-3"	
197,	"Gazipur-4"	
198,	"Gazipur-5"	
199,	"Narsingdi-1"	
200,	"Narsingdi-2"	
201,	"Narsingdi-3"	
202,	"Narsingdi-4"	
203,	"Narsingdi-5"	
204,	"Narayanganj-1"	
205,	"Narayanganj-2"	
206,	"Narayanganj-3"	
207,	"Narayanganj-4"	
208,	"Narayanganj-5"	
209,	"Rajbari-1"	
210,	"Rajbari-2"	
211,	"Faridpur-1"	
212,	"Faridpur-2"	
213,	"Faridpur-3"	
214,	"Faridpur-4"	
215,	"Gopalganj-1"	
216,	"Gopalganj-2"	
217,	"Gopalganj-3"	
218,	"Madaripur-1"	
219,	"Madaripur-2"	
220,	"Madaripur-3"	
221,	"Shariatpur-1"	
222,	"Shariatpur-2"	
223,	"Shariatpur-3"	
224,	"Sunamganj-1"	
225,	"Sunamganj-2"	
226,	"Sunamganj-3"	
227,	"Sunamganj-4"	
228,	"Sunamganj-5"	
229,	"Sylhet-1"	
230,	"Sylhet-2"	
231,	"Sylhet-3"	
232,	"Sylhet-4"	
233,	"Sylhet-5"	
234,	"Sylhet-6"	
235,	"Maulvibazar-1"	
236,	"Maulvibazar-2"	
237,	"Maulvibazar-3"	
238,	"Maulvibazar-4"	
239,	"Habiganj-1"	
240,	"Habiganj-2"	
241,	"Habiganj-3"	
242,	"Habiganj-"	
243,	"Brahmanbaria-1"	
244,	"Brahmanbaria-2"	
245,	"Brahmanbaria-3"	
246,	"Brahmanbaria-4"	
247,	"Brahmanbaria-5"	
248,	"Brahmanbaria-6"	
249,	"Comilla-1"	
250,	"Comilla-2"	
251,	"Comilla-3"	
252,	"Comilla-4"	
253,	"Comilla-5"	
254,	"Comilla-6"	
255,	"Comilla-7"	
256,	"Comilla-8"	
257,	"Comilla-9"	
258,	"Comilla-10"	
259,	"Comilla-11"	
260,	"Chandpur-1"	
261,	"Chandpur-2"	
262,	"Chandpur-3"	
263,	"Chandpur-4"	
264,	"Chandpur-5"	
265,	"Feni-1"	
266,	"Feni-2"	
267,	"Feni-3"	
268,	"Noakhali-1"	
269,	"Noakhali-2"	
270,	"Noakhali-3"	
271,	"Noakhali-4"	
272,	"Noakhali-5"	
273,	"Noakhali-6"	
274,	"Lakshmipur-1"	
275,	"Lakshmipur-2"	
276,	"Lakshmipur-3"	
277,	"Lakshmipur-4"	
278,	"Chittagong-1"	
279,	"Chittagong-2"	
280,	"Chittagong-3"	
281,	"Chittagong-4"	
282,	"Chittagong-5"	
283,	"Chittagong-6"	
284,	"Chittagong-7"	
285,	"Chittagong-8"	
286,	"Chittagong-9"	
287,	"Chittagong-10"	
288,	"Chittagong-11"	
289,	"Chittagong-12"	
290,	"Chittagong-13"	
291,	"Chittagong-14"	
292,	"Chittagong-15"	
293,	"Chittagong-16"	
294,	"Cox's Bazar-1"	"Bazar-1"
295,	"Cox's Bazar-2"	"Bazar-2"
296,	"Cox's Bazar-3"	"Bazar-3"
297,	"Cox's Bazar-4"	"Bazar-4"
298,	"Parbatya Khagrachari"	"Khagrachari"
299,	"Parbatya Rangamati"	"Rangamati"
300,	"Parbatya Bandarban"	"Bandarban"
